{
  "overall_metrics": {
    "accuracy": 0.8722800378429517,
    "total_samples": 1057,
    "avg_time_ms": 52.16784976777576
  },
  "per_class_metrics": {
    "Large_Needle_Driver": {
      "name": "Large_Needle_Driver",
      "accuracy": 0.9328287606433302,
      "precision": 0.9933554817275747,
      "recall": 0.8125,
      "f1": 0.8938714499252616,
      "support": 